{"verts":[-9.000000,0.050000,1.000000,-9.000000,0.050000,-1.000000,-9.000000,-0.050000,-1.000000,-9.000000,0.050000,-1.000000,9.000000,0.050000,-1.000000,9.000000,-0.050000,-1.000000,9.000000,0.050000,-1.000000,9.000000,0.050000,1.000000,9.000000,-0.050000,1.000000,9.000000,0.050000,1.000000,-9.000000,0.050000,1.000000,-9.000000,-0.050000,1.000000,-9.000000,-0.050000,1.000000,-9.000000,-0.050000,-1.000000,9.000000,-0.050000,-1.000000,9.000000,0.050000,-1.000000,-9.000000,0.050000,-1.000000,-9.000000,-0.050000,1.000000,-9.000000,-0.050000,-1.000000,9.000000,-0.050000,-1.000000,9.000000,-0.050000,1.000000,9.000000,-0.050000,1.000000,-9.000000,0.050000,1.000000],
"indices":[0,1,2,3,4,5,6,7,8,9,10,11,12,13,14,9,15,16,17,0,2,18,3,5,19,6,8,20,9,11,21,12,14,22,9,16],
"texcoords":[0.666667,0.333333,0.333333,0.333333,0.333333,0.000000,0.333333,0.666667,0.333333,0.333333,0.666667,0.333333,0.000000,0.333333,0.000000,0.000000,0.333333,0.000000,0.000000,0.666667,0.000000,0.333333,0.333333,0.333333,1.000000,0.333333,0.666667,0.333333,0.666667,0.000000,0.333333,0.666667,0.333333,1.000000,0.666667,0.000000,0.666667,0.666667,0.333333,0.333333,0.333333,0.666667,1.000000,0.000000,0.000000,1.000000],
"normals":[]}