{"verts":[-7.677593,-1.378708,3.778322,2.322407,-1.378708,3.778322,2.322407,-1.378708,-6.221678,-7.677593,-1.378708,-6.221678],
"indices":[0,1,2,3,0,2],
"texcoords":[0.000000,1.000000,0.000000,0.000000,1.000000,0.000000,1.000000,1.000000],
"normals":[]}