{"verts":[0.999999,1.000000,1.000001,-1.000000,1.000000,1.000000,-1.000000,-1.000000,1.000000,-1.000000,-1.000000,-1.000000,-1.000000,-1.000000,1.000000,-1.000000,1.000000,-1.000000,-1.000000,1.000000,-1.000000,-1.000000,1.000000,1.000000,0.999999,1.000000,1.000001,1.000000,-1.000000,-1.000000,-1.000000,1.000000,-1.000000,1.000000,1.000000,-0.999999,0.999999,1.000000,1.000001,1.000000,-1.000000,1.000000,-1.000000,-1.000000,-1.000000,1.000000,-1.000000,-1.000000,0.000000,0.000000,0.000000,-1.000000,1.000000,1.000000,0.000000,-556616043718606790000000000000.000000,806993845063244270000000000.000000,1.000000,-1.000000,1.000000,1.000000,1.000000,-0.999999,1.000000,-1.000000,1.000000,0.000000,0.000000,0.000000],
"indices":[0,1,2,3,4,5,6,7,8,9,3,10,11,12,13,14,15,16,11,9,10,4,17,18,19,0,2,9,11,13,20,6,8,15,21,22],
"texcoords":[0.000000,0.000000,0.333333,0.000000,0.333333,0.333333,0.666667,0.666667,0.666667,0.333333,1.000000,0.666667,0.000000,0.333333,0.333333,0.333334,0.333333,0.666667,0.666667,0.333333,0.333333,0.666667,0.333333,0.333333,0.333333,0.000000,0.666667,0.000000,0.666667,0.333333,0.666667,0.000000,1.000000,0.333333,1.000000,0.333333,1.000000,0.666667,0.000000,0.333333,0.000000,0.666667,1.000000,0.000000,1.000000,0.333333],
"normals":[]}