{"verts":[-2.500000,0.250000,25.000000,-2.500000,0.250000,-25.000000,-2.500000,-0.250000,-25.000000,-2.500000,0.250000,-25.000000,2.500000,0.250000,-25.000000,2.500000,-0.250000,-25.000000,2.500000,0.250000,-25.000000,2.500000,0.250000,25.000000,2.500000,-0.250000,25.000000,2.500000,0.250000,25.000000,-2.500000,0.250000,25.000000,-2.500000,-0.250000,25.000000,-2.500000,-0.250000,25.000000,-2.500000,-0.250000,-25.000000,2.500000,-0.250000,-25.000000,2.500000,0.250000,25.000000,2.500000,0.250000,-25.000000,-2.500000,0.250000,-25.000000,-2.500000,-0.250000,25.000000,-2.500000,-0.250000,-25.000000,2.500000,-0.250000,-25.000000,2.500000,-0.250000,25.000000,2.500000,-0.250000,25.000000,-2.500000,0.250000,25.000000],
"indices":[0,1,2,3,4,5,6,7,8,9,10,11,12,13,14,15,16,17,18,0,2,19,3,5,20,6,8,21,9,11,22,12,14,23,15,17],
"texcoords":[0.456005,0.060050,0.456005,0.939950,0.456005,0.939950,0.456005,0.939950,0.543995,0.939950,0.543995,0.939950,0.543995,0.939950,0.543995,0.060050,0.543995,0.060050,0.543995,0.060050,0.456005,0.060050,0.456005,0.060050,0.456005,0.060050,0.456005,0.939950,0.543995,0.939950,0.543995,0.060050,0.543995,0.939950,0.456005,0.939950,0.456005,0.060050,0.456005,0.939950,0.543995,0.939950,0.543995,0.060050,0.543995,0.060050,0.456005,0.060050],
"normals":[-1.000000,0.000000,0.000000,-1.000000,0.000000,0.000000,-1.000000,0.000000,0.000000,0.000000,0.000000,-1.000000,0.000000,0.000000,-1.000000,0.000000,0.000000,-1.000000,1.000000,0.000000,0.000000,1.000000,0.000000,0.000000,1.000000,0.000000,0.000000,0.000000,0.000000,1.000000,0.000000,0.000000,1.000000,0.000000,0.000000,1.000000,0.000000,-1.000000,0.000000,0.000000,-1.000000,0.000000,0.000000,-1.000000,0.000000,0.000000,1.000000,0.000000,0.000000,1.000000,0.000000,0.000000,1.000000,0.000000,-1.000000,0.000000,0.000000,0.000000,0.000000,-1.000000,1.000000,0.000000,0.000000,0.000000,0.000000,1.000000,0.000000,-1.000000,0.000000,0.000000,1.000000,0.000000]}