{"verts":[-14.983461,14.983461,14.983461,-14.983461,14.983461,-14.983461,-14.983461,-14.983461,-14.983461,-14.983461,14.983461,-14.983461,14.983461,14.983461,-14.983461,14.983461,-14.983461,-14.983461,14.983461,14.983461,-14.983461,14.983461,14.983461,14.983461,14.983461,-14.983461,14.983461,14.983461,14.983461,14.983461,-14.983461,14.983461,14.983461,-14.983461,-14.983461,14.983461,-14.983461,-14.983461,14.983461,-14.983461,-14.983461,-14.983461,14.983461,-14.983461,-14.983461,14.983461,14.983461,14.983461,14.983461,14.983461,-14.983461,-14.983461,14.983461,-14.983461,-14.983461,-14.983461,14.983461,-14.983461,-14.983461,-14.983461,14.983461,-14.983461,-14.983461,14.983461,-14.983461,14.983461,14.983461,-14.983461,14.983461,-14.983461,14.983461,14.983461],
"indices":[0,1,2,3,4,5,6,7,8,9,10,11,12,13,14,15,16,17,18,0,2,19,3,5,20,6,8,21,9,11,22,12,14,23,15,17],
"texcoords":[0.250043,0.999913,0.000087,0.999913,0.000087,0.749957,0.250044,0.250043,0.500000,0.250044,0.500000,0.500000,0.749956,0.999913,0.500000,0.999913,0.500000,0.749957,0.500000,0.999913,0.250043,0.999913,0.250043,0.749957,0.250043,0.749957,0.250043,0.500000,0.500000,0.500000,0.500000,0.000087,0.500000,0.250044,0.250044,0.250043,0.250043,0.749957,0.250043,0.500000,0.749956,0.749957,0.500000,0.749957,0.500000,0.749957,0.250044,0.000087],
"normals":[-1.000000,0.000000,0.000000,-1.000000,0.000000,0.000000,-1.000000,0.000000,0.000000,0.000000,0.000000,-1.000000,0.000000,0.000000,-1.000000,0.000000,0.000000,-1.000000,1.000000,0.000000,0.000000,1.000000,0.000000,0.000000,1.000000,0.000000,0.000000,0.000000,0.000000,1.000000,0.000000,0.000000,1.000000,0.000000,0.000000,1.000000,0.000000,-1.000000,0.000000,0.000000,-1.000000,0.000000,0.000000,-1.000000,0.000000,0.000000,1.000000,0.000000,0.000000,1.000000,0.000000,0.000000,1.000000,0.000000,-1.000000,0.000000,0.000000,0.000000,0.000000,-1.000000,1.000000,0.000000,0.000000,0.000000,0.000000,1.000000,0.000000,-1.000000,0.000000,0.000000,1.000000,0.000000]}